{
  "best_params": {
    "EMA_FAST": 3,
    "EMA_SLOW": 20,
    "RSI_FILTER": 40,
    "RATIO_TRIGGER": 1.2,
    "STOP_LOSS_PCT": 0.015
  },
  "metrics": {
    "return_pct": 70.5525,
    "win_rate": 71.42857142857143,
    "profit_factor": 1.7536874925050965,
    "max_drawdown_pct": 13.935540069686411,
    "sharpe_ratio": 4.723799720051323,
    "total_trades": 14
  }
}